Année;Genre;Code du domaine;Domaine;Nombre de réponses;Salaire net médian;Salaire brut annuel estimé;Premier quartile des salaires nets;Dernier quartile des salaires nets;;;;;;;;
2014;femmes et hommes;DEG;Droit, économie et gestion;12584;1870;29200;1520;2250;;;;;;Domaine :;;Année
2015;femmes et hommes;DEG;Droit, économie et gestion;12503;2060;32100;1720;2500;;"J'ai enlevé les 15% de lignes avec le moins
 de réponses grâce à la fonction CENTILE";;;;Droit, économie et gestion;;2011
2014;femmes et hommes;DEG;Droit, économie et gestion;2753;1910;29800;1600;2330;;;;;;Lettres, langues, arts;;2012
2018;femmes et hommes;DEG;Droit, économie et gestion;3409;1920;29900;1610;2290;;;;;;Sciences humaines et sociales;;2013
2016;femmes et hommes;DEG;Droit, économie et gestion;3062;1800;28100;1510;2230;;"J'ai enlevé les lignes comportant des cases
 vides ou non renseignées";;;;Sciences, technologies et santé;;2014
2012;femmes et hommes;DEG;Droit, économie et gestion;2387;1720;26900;1450;2060;;;;;;Masters enseignement;;2015
2013;femmes et hommes;DEG;Droit, économie et gestion;2491;1700;26500;1410;2130;;;;;;;;2016
2014;femmes et hommes;DEG;Droit, économie et gestion;349;1970;30700;1600;2400;;;;;;;;2017
2018;femmes et hommes;DEG;Droit, économie et gestion;447;2070;32200;1700;2380;;;;;;;;2018
2012;femmes et hommes;DEG;Droit, économie et gestion;260;1770;27600;1460;2170;;;;;;;;
2011;femmes et hommes;DEG;Droit, économie et gestion;305;1930;30200;1600;2280;;;;;;;;
2014;femmes et hommes;DEG;Droit, économie et gestion;1440;1950;30400;1550;2380;;;;;;;;
2016;femmes et hommes;DEG;Droit, économie et gestion;1425;2000;31200;1650;2440;;;;;;;;
2018;femmes et hommes;DEG;Droit, économie et gestion;7463;2060;32100;1760;2440;;;;;;;;
2016;femmes et hommes;DEG;Droit, économie et gestion;6990;2170;33800;1800;2570;;;;;;;;
2018;femmes et hommes;DEG;Droit, économie et gestion;7463;2230;34700;1900;2630;;;;;;;;
2012;femmes et hommes;DEG;Droit, économie et gestion;6331;1880;29300;1570;2200;;;;;;;;
2018;femmes et hommes;DEG;Droit, économie et gestion;905;2000;31200;1650;2410;;;;;;;;
2014;femmes et hommes;DEG;Droit, économie et gestion;1460;2000;31200;1630;2410;;;;;;;;
2015;femmes et hommes;DEG;Droit, économie et gestion;1420;2000;31200;1690;2470;;;;;;;;
2018;femmes et hommes;DEG;Droit, économie et gestion;194;1800;28100;1520;2140;;;;;;;;
2014;femmes et hommes;DEG;Droit, économie et gestion;576;1930;30200;1600;2250;;;;;;;;
2011;femmes et hommes;DEG;Droit, économie et gestion;575;1780;27800;1500;2160;;;;;;;;
2015;femmes et hommes;DEG;Droit, économie et gestion;568;1900;29600;1600;2300;;;;;;;;
2014;femmes et hommes;DEG;Droit, économie et gestion;472;2000;31200;1640;2410;;;;;;;;
2011;femmes et hommes;DEG;Droit, économie et gestion;546;2010;31300;1630;2450;;;;;;;;
2017;femmes et hommes;DEG;Droit, économie et gestion;309;2080;32500;1700;2490;;;;;;;;
2014;femmes et hommes;LLA;Lettres, langues, arts;2622;1630;25500;1360;1980;;;;;;;;
2012;femmes et hommes;LLA;Lettres, langues, arts;2564;1540;24000;1270;1790;;;;;;;;
2011;femmes et hommes;LLA;Lettres, langues, arts;2664;1700;26500;1400;1950;;;;;;;;
2018;femmes et hommes;LLA;Lettres, langues, arts;649;1500;23400;1290;1850;;;;;;;;
2015;femmes et hommes;LLA;Lettres, langues, arts;259;1670;26000;1410;2100;;;;;;;;
2015;femmes et hommes;LLA;Lettres, langues, arts;259;1500;23400;1300;1900;;;;;;;;
2012;femmes et hommes;LLA;Lettres, langues, arts;366;1700;26500;1440;1900;;;;;;;;
2018;femmes et hommes;LLA;Lettres, langues, arts;119;1500;23400;1220;1640;;;;;;;;
2016;femmes et hommes;LLA;Lettres, langues, arts;191;1400;21800;1250;1600;;;;;;;;
2016;femmes et hommes;LLA;Lettres, langues, arts;191;1450;22600;1270;1710;;;;;;;;
2013;femmes et hommes;LLA;Lettres, langues, arts;220;1700;26500;1400;1870;;;;;;;;
2012;femmes et hommes;LLA;Lettres, langues, arts;608;1550;24200;1350;1900;;;;;;;;
2011;femmes et hommes;LLA;Lettres, langues, arts;649;1730;27000;1430;2070;;;;;;;;
2013;femmes et hommes;LLA;Lettres, langues, arts;675;1580;24600;1350;1890;;;;;;;;
2011;femmes et hommes;LLA;Lettres, langues, arts;253;1600;25000;1300;1950;;;;;;;;
2015;femmes et hommes;LLA;Lettres, langues, arts;133;1700;26500;1450;2040;;;;;;;;
2013;femmes et hommes;LLA;Lettres, langues, arts;151;1700;26500;1440;2070;;;;;;;;
2015;femmes et hommes;LLA;Lettres, langues, arts;127;1520;23700;1280;1900;;;;;;;;
2017;femmes et hommes;LLA;Lettres, langues, arts;134;1680;26300;1380;1900;;;;;;;;
2015;femmes et hommes;LLA;Lettres, langues, arts;127;1520;23700;1350;1930;;;;;;;;
2013;femmes et hommes;LLA;Lettres, langues, arts;116;1620;25300;1340;2000;;;;;;;;
2014;femmes et hommes;LLA;Lettres, langues, arts;157;1450;22600;1190;1800;;;;;;;;
2011;femmes et hommes;LLA;Lettres, langues, arts;132;1700;26500;1300;1850;;;;;;;;
2012;femmes et hommes;LLA;Lettres, langues, arts;136;1700;26500;1300;1800;;;;;;;;
2015;femmes et hommes;SHS;Sciences humaines et sociales;5922;1600;25000;1400;1900;;;;;;;;
2017;femmes et hommes;SHS;Sciences humaines et sociales;6148;1800;28100;1520;2160;;;;;;;;
2013;femmes et hommes;SHS;Sciences humaines et sociales;5869;1670;26100;1430;2000;;;;;;;;
2018;femmes et hommes;SHS;Sciences humaines et sociales;6706;1800;28100;1540;2170;;;;;;;;
2015;femmes et hommes;SHS;Sciences humaines et sociales;543;1430;22200;1240;1650;;;;;;;;
2017;femmes et hommes;SHS;Sciences humaines et sociales;578;1560;24300;1350;1900;;;;;;;;
2013;femmes et hommes;SHS;Sciences humaines et sociales;1561;1740;27200;1500;2100;;;;;;;;
2018;femmes et hommes;SHS;Sciences humaines et sociales;2496;1730;27000;1500;2050;;;;;;;;
2014;femmes et hommes;SHS;Sciences humaines et sociales;238;1630;25400;1410;2000;;;;;;;;
2016;femmes et hommes;SHS;Sciences humaines et sociales;184;1730;27000;1500;2170;;;;;;;;
2012;femmes et hommes;SHS;Sciences humaines et sociales;211;1700;26500;1410;1900;;;;;;;;
2017;femmes et hommes;SHS;Sciences humaines et sociales;204;1600;25000;1370;1900;;;;;;;;
2015;femmes et hommes;SHS;Sciences humaines et sociales;221;1730;27000;1500;1950;;;;;;;;
2014;femmes et hommes;SHS;Sciences humaines et sociales;401;1630;25400;1390;1940;;;;;;;;
2017;femmes et hommes;SHS;Sciences humaines et sociales;292;1600;25000;1400;1950;;;;;;;;
2015;femmes et hommes;SHS;Sciences humaines et sociales;377;1660;25800;1450;1980;;;;;;;;
2013;femmes et hommes;SHS;Sciences humaines et sociales;377;1700;26500;1500;2000;;;;;;;;
2012;femmes et hommes;SHS;Sciences humaines et sociales;326;1510;23500;1300;1870;;;;;;;;
2013;femmes et hommes;SHS;Sciences humaines et sociales;396;1430;22400;1280;1800;;;;;;;;
2016;femmes et hommes;STS;Sciences, technologies et santé;331;2170;33800;1920;2440;;;;;;;;
2018;femmes et hommes;STS;Sciences, technologies et santé;117;2100;32800;1920;2400;;;;;;;;
2011;femmes et hommes;STS;Sciences, technologies et santé;273;2070;32300;1820;2280;;;;;;;;
2015;femmes et hommes;STS;Sciences, technologies et santé;320;2010;31300;1840;2330;;;;;;;;
2014;femmes et hommes;STS;Sciences, technologies et santé;483;2140;33400;1870;2400;;;;;;;;
2016;femmes et hommes;STS;Sciences, technologies et santé;496;2000;31300;1810;2370;;;;;;;;
2015;femmes et hommes;STS;Sciences, technologies et santé;439;2030;31600;1800;2380;;;;;;;;
2016;femmes et hommes;STS;Sciences, technologies et santé;496;2200;34300;2000;2620;;;;;;;;
2017;femmes et hommes;STS;Sciences, technologies et santé;448;2080;32500;1920;2300;;;;;;;;
2013;femmes et hommes;STS;Sciences, technologies et santé;456;2120;33000;1860;2450;;;;;;;;
2014;femmes et hommes;STS;Sciences, technologies et santé;558;2170;33800;1930;2500;;;;;;;;
2013;femmes et hommes;STS;Sciences, technologies et santé;534;2000;31200;1700;2290;;;;;;;;
2012;femmes et hommes;STS;Sciences, technologies et santé;1399;2000;31200;1820;2300;;;;;;;;
2014;femmes et hommes;STS;Sciences, technologies et santé;1393;1850;28900;1520;2300;;;;;;;;
2011;femmes et hommes;STS;Sciences, technologies et santé;79;1880;29300;1600;2070;;;;;;;;
2014;femmes et hommes;STS;Sciences, technologies et santé;258;1800;28100;1560;2180;;;;;;;;
2016;femmes et hommes;STS;Sciences, technologies et santé;146;1900;29600;1670;2420;;;;;;;;
2017;femmes et hommes;STS;Sciences, technologies et santé;131;1900;29600;1650;2300;;;;;;;;
2011;femmes et hommes;STS;Sciences, technologies et santé;260;1970;30800;1700;2420;;;;;;;;
2018;femmes et hommes;STS;Sciences, technologies et santé;185;2000;31200;1730;2430;;;;;;;;
2015;femmes et hommes;STS;Sciences, technologies et santé;137;2220;34600;1890;2570;;;;;;;;
2012;femmes et hommes;STS;Sciences, technologies et santé;125;2280;35500;1900;2850;;;;;;;;
2014;femmes et hommes;STS;Sciences, technologies et santé;605;1650;25700;1400;1900;;;;;;;;
2016;femmes et hommes;STS;Sciences, technologies et santé;697;1510;23500;1330;1800;;;;;;;;
2015;femmes et hommes;STS;Sciences, technologies et santé;685;1650;25700;1440;2020;;;;;;;;
2011;femmes et hommes;STS;Sciences, technologies et santé;638;1700;26500;1430;1950;;;;;;;;
2012;femmes et hommes;STS;Sciences, technologies et santé;616;1600;25000;1390;1900;;;;;;;;
2018;femmes et hommes;STS;Sciences, technologies et santé;162;1850;28800;1600;2120;;;;;;;;
2012;femmes et hommes;STS;Sciences, technologies et santé;255;1700;26500;1500;2000;;;;;;;;
2013;femmes et hommes;STS;Sciences, technologies et santé;227;1940;30200;1600;2250;;;;;;;;
2012;femmes et hommes;MEEF;Masters enseignement;5024;1700;26500;1600;1790;;;;;;;;
2017;femmes et hommes;MEEF;Masters enseignement;5927;1790;27900;1700;1930;;;;;;;;
2012;femmes et hommes;SHS;Sciences humaines et sociales;562;1520;23700;1340;1810;;;;;;;;
2014;femmes et hommes;SHS;Sciences humaines et sociales;538;1600;25000;1370;1950;;;;;;;;
2013;femmes et hommes;SHS;Sciences humaines et sociales;541;1620;25200;1400;1900;;;;;;;;
2018;femmes et hommes;SHS;Sciences humaines et sociales;1571;1700;26500;1500;1950;;;;;;;;
2013;femmes et hommes;SHS;Sciences humaines et sociales;1366;1520;23700;1400;1800;;;;;;;;
2011;femmes et hommes;SHS;Sciences humaines et sociales;1448;1800;28100;1500;2200;;;;;;;;
2018;femmes et hommes;SHS;Sciences humaines et sociales;2496;1850;28900;1540;2200;;;;;;;;
2014;femmes et hommes;SHS;Sciences humaines et sociales;732;1720;26800;1500;2010;;;;;;;;
2018;femmes et hommes;SHS;Sciences humaines et sociales;1294;1800;28100;1550;2080;;;;;;;;
2012;femmes et hommes;SHS;Sciences humaines et sociales;782;1650;25700;1440;1900;;;;;;;;
2016;femmes et hommes;STS;Sciences, technologies et santé;8580;1940;30300;1650;2250;;;;;;;;
2011;femmes et hommes;STS;Sciences, technologies et santé;8382;2000;31200;1700;2330;;;;;;;;
2013;femmes et hommes;STS;Sciences, technologies et santé;8295;1900;29600;1600;2200;;;;;;;;
2017;femmes et hommes;STS;Sciences, technologies et santé;8575;2000;31200;1700;2300;;;;;;;;
2018;femmes et hommes;STS;Sciences, technologies et santé;9032;2160;33600;1800;2530;;;;;;;;
2018;femmes et hommes;STS;Sciences, technologies et santé;3011;1880;29300;1600;2250;;;;;;;;
2015;femmes et hommes;STS;Sciences, technologies et santé;2590;1800;28100;1520;2140;;;;;;;;
2016;femmes et hommes;STS;Sciences, technologies et santé;2690;1880;29300;1600;2240;;;;;;;;
2018;femmes et hommes;STS;Sciences, technologies et santé;644;1830;28600;1550;2130;;;;;;;;
2012;femmes et hommes;STS;Sciences, technologies et santé;731;1680;26100;1420;2000;;;;;;;;
2013;femmes et hommes;STS;Sciences, technologies et santé;816;1680;26200;1420;2100;;;;;;;;
2017;femmes et hommes;STS;Sciences, technologies et santé;738;1790;27900;1480;2050;;;;;;;;
2011;femmes et hommes;STS;Sciences, technologies et santé;165;1760;27400;1580;2040;;;;;;;;
2017;femmes et hommes;STS;Sciences, technologies et santé;1241;2210;34400;1930;2570;;;;;;;;
2016;femmes et hommes;STS;Sciences, technologies et santé;1211;2170;33800;1850;2630;;;;;;;;
2015;femmes et hommes;STS;Sciences, technologies et santé;1161;2100;32800;1800;2500;;;;;;;;
2015;femmes et hommes;STS;Sciences, technologies et santé;582;1800;28100;1550;2120;;;;;;;;
2012;femmes et hommes;STS;Sciences, technologies et santé;620;1800;28100;1500;2130;;;;;;;;
2017;femmes et hommes;STS;Sciences, technologies et santé;639;2120;33100;1800;2490;;;;;;;;
2011;femmes et hommes;STS;Sciences, technologies et santé;622;1910;29800;1600;2300;;;;;;;;
2013;femmes et hommes;STS;Sciences, technologies et santé;575;1800;28100;1520;2220;;;;;;;;
2011;femmes et hommes;STS;Sciences, technologies et santé;288;2120;33000;1860;2360;;;;;;;;
2012;femmes et hommes;STS;Sciences, technologies et santé;263;2000;31200;1730;2280;;;;;;;;
2018;femmes et hommes;STS;Sciences, technologies et santé;224;2280;35500;1970;2580;;;;;;;;
2017;femmes et hommes;STS;Sciences, technologies et santé;153;2050;32000;1900;2310;;;;;;;;
2017;femmes et hommes;STS;Sciences, technologies et santé;150;2260;35200;1970;2500;;;;;;;;
2017;femmes et hommes;STS;Sciences, technologies et santé;223;2300;35900;1990;2600;;;;;;;;
2016;femmes et hommes;STS;Sciences, technologies et santé;125;2300;35900;1950;2670;;;;;;;;
2018;femmes et hommes;STS;Sciences, technologies et santé;187;2170;33800;2000;2500;;;;;;;;
2011;femmes et hommes;STS;Sciences, technologies et santé;253;2100;32800;1940;2410;;;;;;;;
2013;femmes et hommes;STS;Sciences, technologies et santé;247;2070;32200;1860;2380;;;;;;;;
2018;femmes et hommes;STS;Sciences, technologies et santé;320;2160;33600;1950;2390;;;;;;;;
2012;femmes et hommes;STS;Sciences, technologies et santé;324;1980;30900;1780;2180;;;;;;;;
2016;femmes et hommes;DEG;Droit, économie et gestion;12839;1950;30400;1600;2320;;;;;;;;
2018;femmes et hommes;DEG;Droit, économie et gestion;13587;2200;34300;1840;2610;;;;;;;;
2012;femmes et hommes;DEG;Droit, économie et gestion;11433;1820;28400;1500;2170;;;;;;;;
2017;femmes et hommes;DEG;Droit, économie et gestion;13165;2000;31200;1680;2380;;;;;;;;
2015;femmes et hommes;DEG;Droit, économie et gestion;2770;2000;31200;1640;2380;;;;;;;;
2011;femmes et hommes;DEG;Droit, économie et gestion;2463;1930;30200;1600;2300;;;;;;;;
2012;femmes et hommes;DEG;Droit, économie et gestion;260;2000;31200;1610;2280;;;;;;;;
2015;femmes et hommes;DEG;Droit, économie et gestion;344;2000;31200;1600;2330;;;;;;;;
2017;femmes et hommes;DEG;Droit, économie et gestion;527;1900;29600;1600;2300;;;;;;;;
2013;femmes et hommes;DEG;Droit, économie et gestion;307;1700;26500;1370;2000;;;;;;;;
2012;femmes et hommes;DEG;Droit, économie et gestion;1364;1990;31000;1600;2400;;;;;;;;
2013;femmes et hommes;DEG;Droit, économie et gestion;1368;1900;29600;1530;2230;;;;;;;;
2016;femmes et hommes;DEG;Droit, économie et gestion;6990;2000;31200;1670;2330;;;;;;;;
2015;femmes et hommes;DEG;Droit, économie et gestion;6917;2100;32800;1780;2500;;;;;;;;
2017;femmes et hommes;DEG;Droit, économie et gestion;7069;2220;34600;1890;2640;;;;;;;;
2014;femmes et hommes;DEG;Droit, économie et gestion;1460;1840;28700;1500;2220;;;;;;;;
2016;femmes et hommes;DEG;Droit, économie et gestion;287;1670;26000;1400;2000;;;;;;;;
2015;femmes et hommes;DEG;Droit, économie et gestion;568;1800;28100;1530;2170;;;;;;;;
2017;femmes et hommes;DEG;Droit, économie et gestion;341;1800;28100;1500;2200;;;;;;;;
2016;femmes et hommes;DEG;Droit, économie et gestion;287;1850;28900;1550;2250;;;;;;;;
2012;femmes et hommes;DEG;Droit, économie et gestion;575;1780;27800;1500;2170;;;;;;;;
2017;femmes et hommes;DEG;Droit, économie et gestion;341;2000;31200;1650;2330;;;;;;;;
2013;femmes et hommes;DEG;Droit, économie et gestion;529;1720;26800;1400;2080;;;;;;;;
2017;femmes et hommes;DEG;Droit, économie et gestion;142;2050;32000;1800;2280;;;;;;;;
2016;femmes et hommes;DEG;Droit, économie et gestion;394;2020;31400;1600;2520;;;;;;;;
2015;femmes et hommes;DEG;Droit, économie et gestion;435;2030;31700;1700;2470;;;;;;;;
2013;femmes et hommes;DEG;Droit, économie et gestion;352;2000;31200;1610;2380;;;;;;;;
2018;femmes et hommes;LLA;Lettres, langues, arts;2832;1750;27300;1450;2130;;;;;;;;
2013;femmes et hommes;LLA;Lettres, langues, arts;642;1510;23600;1260;1850;;;;;;;;
2014;femmes et hommes;LLA;Lettres, langues, arts;329;1600;25000;1300;1810;;;;;;;;
2016;femmes et hommes;LLA;Lettres, langues, arts;322;1670;26000;1400;2030;;;;;;;;
2017;femmes et hommes;LLA;Lettres, langues, arts;296;1650;25800;1400;2000;;;;;;;;
2017;femmes et hommes;LLA;Lettres, langues, arts;296;1580;24600;1300;1850;;;;;;;;
2014;femmes et hommes;LLA;Lettres, langues, arts;198;1600;25000;1300;1850;;;;;;;;
2015;femmes et hommes;LLA;Lettres, langues, arts;207;1540;23900;1300;1890;;;;;;;;
2011;femmes et hommes;LLA;Lettres, langues, arts;238;1700;26500;1400;1830;;;;;;;;
2014;femmes et hommes;LLA;Lettres, langues, arts;717;1580;24700;1340;1950;;;;;;;;
2018;femmes et hommes;LLA;Lettres, langues, arts;955;1750;27300;1490;2010;;;;;;;;
2015;femmes et hommes;LLA;Lettres, langues, arts;719;1750;27300;1500;2130;;;;;;;;
2015;femmes et hommes;LLA;Lettres, langues, arts;719;1600;25000;1400;2000;;;;;;;;
2017;femmes et hommes;LLA;Lettres, langues, arts;867;1700;26500;1450;2020;;;;;;;;
2015;femmes et hommes;LLA;Lettres, langues, arts;202;1650;25700;1360;2080;;;;;;;;
2018;femmes et hommes;LLA;Lettres, langues, arts;227;1670;26100;1430;2050;;;;;;;;
2016;femmes et hommes;LLA;Lettres, langues, arts;220;1600;25000;1360;2100;;;;;;;;
2012;femmes et hommes;LLA;Lettres, langues, arts;235;1520;23700;1300;1840;;;;;;;;
2015;femmes et hommes;LLA;Lettres, langues, arts;133;1600;25000;1360;1800;;;;;;;;
2013;femmes et hommes;LLA;Lettres, langues, arts;151;1600;25000;1400;1970;;;;;;;;
2016;femmes et hommes;LLA;Lettres, langues, arts;113;1630;25400;1360;1850;;;;;;;;
2011;femmes et hommes;LLA;Lettres, langues, arts;120;1600;25000;1300;1850;;;;;;;;
2017;femmes et hommes;LLA;Lettres, langues, arts;109;1610;25100;1400;1850;;;;;;;;
2014;femmes et hommes;SHS;Sciences humaines et sociales;5928;1600;25000;1370;1900;;;;;;;;
2018;femmes et hommes;SHS;Sciences humaines et sociales;6706;1700;26500;1480;2000;;;;;;;;
2016;femmes et hommes;SHS;Sciences humaines et sociales;5860;1770;27600;1500;2100;;;;;;;;
2017;femmes et hommes;SHS;Sciences humaines et sociales;6148;1690;26400;1450;2000;;;;;;;;
2013;femmes et hommes;SHS;Sciences humaines et sociales;480;1500;23400;1300;1750;;;;;;;;
2013;femmes et hommes;SHS;Sciences humaines et sociales;541;1650;25700;1450;2000;;;;;;;;
2017;femmes et hommes;SHS;Sciences humaines et sociales;1501;1680;26200;1500;1950;;;;;;;;
2012;femmes et hommes;SHS;Sciences humaines et sociales;1425;1670;26000;1450;1930;;;;;;;;
2014;femmes et hommes;SHS;Sciences humaines et sociales;1569;1680;26300;1400;2000;;;;;;;;
2016;femmes et hommes;SHS;Sciences humaines et sociales;1386;1700;26500;1410;2000;;;;;;;;
2012;femmes et hommes;SHS;Sciences humaines et sociales;1458;1650;25700;1370;2000;;;;;;;;
2017;femmes et hommes;SHS;Sciences humaines et sociales;1059;1750;27300;1500;2000;;;;;;;;
2016;femmes et hommes;LLA;Lettres, langues, arts;2566;1680;26300;1400;2000;;;;;;;;
2018;femmes et hommes;LLA;Lettres, langues, arts;649;1590;24800;1350;1940;;;;;;;;
2013;femmes et hommes;LLA;Lettres, langues, arts;642;1450;22600;1210;1750;;;;;;;;
2018;femmes et hommes;SHS;Sciences humaines et sociales;1118;1750;27300;1480;2110;;;;;;;;
2014;femmes et hommes;SHS;Sciences humaines et sociales;529;1500;23400;1280;1800;;;;;;;;
2017;femmes et hommes;SHS;Sciences humaines et sociales;456;1900;29600;1630;2300;;;;;;;;
2016;femmes et hommes;SHS;Sciences humaines et sociales;1486;1700;26500;1550;2000;;;;;;;;
2015;femmes et hommes;SHS;Sciences humaines et sociales;1551;1810;28200;1500;2200;;;;;;;;
2017;femmes et hommes;SHS;Sciences humaines et sociales;1499;1830;28600;1500;2200;;;;;;;;
2017;femmes et hommes;SHS;Sciences humaines et sociales;1059;1900;29600;1600;2200;;;;;;;;
2018;femmes et hommes;SHS;Sciences humaines et sociales;217;1630;25500;1400;2000;;;;;;;;
2015;femmes et hommes;SHS;Sciences humaines et sociales;377;1580;24600;1330;1830;;;;;;;;
2016;femmes et hommes;SHS;Sciences humaines et sociales;345;1750;27300;1460;2100;;;;;;;;
2017;femmes et hommes;STS;Sciences, technologies et santé;208;2130;33200;1950;2430;;;;;;;;
2012;femmes et hommes;STS;Sciences, technologies et santé;271;2000;31200;1790;2210;;;;;;;;
2013;femmes et hommes;STS;Sciences, technologies et santé;307;2000;31200;1770;2250;;;;;;;;
2014;femmes et hommes;STS;Sciences, technologies et santé;483;2000;31200;1800;2280;;;;;;;;
2018;femmes et hommes;STS;Sciences, technologies et santé;398;2150;33600;1940;2410;;;;;;;;
2015;femmes et hommes;STS;Sciences, technologies et santé;439;2200;34300;1950;2530;;;;;;;;
2012;femmes et hommes;STS;Sciences, technologies et santé;499;2000;31200;1810;2210;;;;;;;;
2014;femmes et hommes;STS;Sciences, technologies et santé;558;2000;31300;1770;2290;;;;;;;;
2012;femmes et hommes;STS;Sciences, technologies et santé;603;2000;31200;1750;2240;;;;;;;;
2017;femmes et hommes;STS;Sciences, technologies et santé;411;2250;35100;2000;2500;;;;;;;;
2014;femmes et hommes;STS;Sciences, technologies et santé;1437;2000;31200;1820;2300;;;;;;;;
2016;femmes et hommes;STS;Sciences, technologies et santé;1503;2100;32800;1890;2430;;;;;;;;
2015;femmes et hommes;STS;Sciences, technologies et santé;1552;1720;26800;1450;2100;;;;;;;;
2016;femmes et hommes;STS;Sciences, technologies et santé;1312;1830;28600;1530;2250;;;;;;;;
2015;femmes et hommes;STS;Sciences, technologies et santé;333;1820;28300;1600;2200;;;;;;;;
2015;femmes et hommes;STS;Sciences, technologies et santé;333;2000;31200;1700;2400;;;;;;;;
2013;femmes et hommes;STS;Sciences, technologies et santé;273;1900;29600;1590;2250;;;;;;;;
2014;femmes et hommes;STS;Sciences, technologies et santé;138;2400;37400;1950;2710;;;;;;;;
2013;femmes et hommes;STS;Sciences, technologies et santé;135;2200;34300;1600;2850;;;;;;;;
2017;femmes et hommes;STS;Sciences, technologies et santé;677;1750;27300;1500;2050;;;;;;;;
2013;femmes et hommes;STS;Sciences, technologies et santé;577;1520;23800;1300;1800;;;;;;;;
2018;femmes et hommes;STS;Sciences, technologies et santé;777;1730;27000;1500;2000;;;;;;;;
2018;femmes et hommes;STS;Sciences, technologies et santé;162;1930;30000;1650;2200;;;;;;;;
2015;femmes et hommes;STS;Sciences, technologies et santé;225;1800;28100;1600;2100;;;;;;;;
2015;femmes et hommes;STS;Sciences, technologies et santé;225;1980;30900;1720;2300;;;;;;;;
2011;femmes et hommes;STS;Sciences, technologies et santé;235;1870;29100;1630;2230;;;;;;;;
2016;femmes et hommes;STS;Sciences, technologies et santé;211;1910;29800;1600;2250;;;;;;;;
2017;femmes et hommes;STS;Sciences, technologies et santé;141;2300;35900;2050;2470;;;;;;;;
2015;femmes et hommes;MEEF;Masters enseignement;4916;1810;28200;1750;2000;;;;;;;;
2014;femmes et hommes;MEEF;Masters enseignement;3588;1700;26500;1600;1810;;;;;;;;
2015;femmes et hommes;MEEF;Masters enseignement;4916;1760;27400;1600;1900;;;;;;;;
2012;femmes et hommes;MEEF;Masters enseignement;5024;1710;26600;1650;1820;;;;;;;;
2015;femmes et hommes;SHS;Sciences humaines et sociales;741;1800;28100;1550;2100;;;;;;;;
2016;femmes et hommes;SHS;Sciences humaines et sociales;184;1660;25900;1460;2000;;;;;;;;
2012;femmes et hommes;SHS;Sciences humaines et sociales;211;1550;24200;1350;1820;;;;;;;;
2014;femmes et hommes;SHS;Sciences humaines et sociales;384;1600;25000;1380;1950;;;;;;;;
2017;femmes et hommes;SHS;Sciences humaines et sociales;417;1600;25000;1400;1950;;;;;;;;
2018;femmes et hommes;SHS;Sciences humaines et sociales;444;1800;28100;1450;2170;;;;;;;;
2015;femmes et hommes;STS;Sciences, technologies et santé;8660;1900;29600;1600;2200;;;;;;;;
2012;femmes et hommes;STS;Sciences, technologies et santé;8354;2000;31200;1680;2330;;;;;;;;
2017;femmes et hommes;STS;Sciences, technologies et santé;2906;1950;30400;1630;2350;;;;;;;;
2017;femmes et hommes;STS;Sciences, technologies et santé;2906;1800;28100;1520;2170;;;;;;;;
2018;femmes et hommes;STS;Sciences, technologies et santé;3011;1990;31000;1680;2380;;;;;;;;
2015;femmes et hommes;STS;Sciences, technologies et santé;1585;1830;28500;1580;2170;;;;;;;;
2012;femmes et hommes;STS;Sciences, technologies et santé;1442;1700;26500;1450;2000;;;;;;;;
2016;femmes et hommes;STS;Sciences, technologies et santé;1875;1910;29800;1630;2310;;;;;;;;
2013;femmes et hommes;STS;Sciences, technologies et santé;1485;1720;26900;1500;2140;;;;;;;;
2016;femmes et hommes;STS;Sciences, technologies et santé;757;1800;28100;1520;2080;;;;;;;;
2012;femmes et hommes;STS;Sciences, technologies et santé;731;1740;27200;1500;2070;;;;;;;;
2018;femmes et hommes;STS;Sciences, technologies et santé;644;1950;30400;1680;2250;;;;;;;;
2018;femmes et hommes;STS;Sciences, technologies et santé;1321;2100;32800;1840;2470;;;;;;;;
2014;femmes et hommes;STS;Sciences, technologies et santé;1127;2000;31200;1670;2310;;;;;;;;
2014;femmes et hommes;STS;Sciences, technologies et santé;544;1970;30700;1650;2270;;;;;;;;
2016;femmes et hommes;STS;Sciences, technologies et santé;576;2010;31300;1740;2300;;;;;;;;
2018;femmes et hommes;STS;Sciences, technologies et santé;643;2110;32900;1800;2460;;;;;;;;
2015;femmes et hommes;STS;Sciences, technologies et santé;247;2050;32000;1800;2280;;;;;;;;
2015;femmes et hommes;STS;Sciences, technologies et santé;247;2150;33500;1930;2410;;;;;;;;
2013;femmes et hommes;STS;Sciences, technologies et santé;274;2070;32200;1700;2330;;;;;;;;
2014;femmes et hommes;STS;Sciences, technologies et santé;264;2350;36700;2000;2930;;;;;;;;
2018;femmes et hommes;STS;Sciences, technologies et santé;361;2650;41300;2130;3210;;;;;;;;
2017;femmes et hommes;STS;Sciences, technologies et santé;76;2400;37400;2070;2630;;;;;;;;
2014;femmes et hommes;STS;Sciences, technologies et santé;1923;2130;33200;1870;2450;;;;;;;;
2012;femmes et hommes;STS;Sciences, technologies et santé;233;2060;32100;1900;2330;;;;;;;;
2017;femmes et hommes;STS;Sciences, technologies et santé;205;2130;33200;1950;2340;;;;;;;;
2018;femmes et hommes;DEG;Droit, économie et gestion;13587;2010;31400;1700;2430;;;;;;;;
2014;femmes et hommes;DEG;Droit, économie et gestion;12584;2000;31300;1690;2450;;;;;;;;
2011;femmes et hommes;DEG;Droit, économie et gestion;11465;2000;31200;1670;2420;;;;;;;;
2013;femmes et hommes;DEG;Droit, économie et gestion;11849;1850;28900;1500;2200;;;;;;;;
2013;femmes et hommes;DEG;Droit, économie et gestion;11849;2000;31200;1640;2400;;;;;;;;
2016;femmes et hommes;DEG;Droit, économie et gestion;3062;2000;31200;1700;2450;;;;;;;;
2015;femmes et hommes;DEG;Droit, économie et gestion;2770;1800;28100;1490;2130;;;;;;;;
2017;femmes et hommes;DEG;Droit, économie et gestion;3137;2080;32500;1740;2510;;;;;;;;
2017;femmes et hommes;DEG;Droit, économie et gestion;3137;1900;29600;1590;2290;;;;;;;;
2013;femmes et hommes;DEG;Droit, économie et gestion;2491;1900;29600;1570;2300;;;;;;;;
2016;femmes et hommes;DEG;Droit, économie et gestion;466;2100;32800;1800;2500;;;;;;;;
2014;femmes et hommes;DEG;Droit, économie et gestion;1440;2050;32000;1690;2570;;;;;;;;
2017;femmes et hommes;DEG;Droit, économie et gestion;7069;2000;31200;1700;2380;;;;;;;;
2012;femmes et hommes;DEG;Droit, économie et gestion;6331;2020;31500;1700;2410;;;;;;;;
2013;femmes et hommes;DEG;Droit, économie et gestion;529;1840;28700;1530;2250;;;;;;;;
2016;femmes et hommes;DEG;Droit, économie et gestion;153;2100;32800;1840;2440;;;;;;;;
2014;femmes et hommes;DEG;Droit, économie et gestion;472;2220;34600;1800;2700;;;;;;;;
2018;femmes et hommes;DEG;Droit, économie et gestion;243;2160;33700;1730;2730;;;;;;;;
2013;femmes et hommes;DEG;Droit, économie et gestion;352;2240;35000;1820;2630;;;;;;;;
2018;femmes et hommes;LLA;Lettres, langues, arts;2832;1650;25700;1400;2000;;;;;;;;
2014;femmes et hommes;LLA;Lettres, langues, arts;2622;1520;23700;1300;1840;;;;;;;;
2016;femmes et hommes;LLA;Lettres, langues, arts;2566;1540;24000;1300;1840;;;;;;;;
2015;femmes et hommes;LLA;Lettres, langues, arts;2634;1500;23400;1270;1800;;;;;;;;
2017;femmes et hommes;LLA;Lettres, langues, arts;2520;1600;25000;1350;1920;;;;;;;;
2012;femmes et hommes;LLA;Lettres, langues, arts;2564;1640;25600;1370;1900;;;;;;;;
2014;femmes et hommes;LLA;Lettres, langues, arts;628;1600;24900;1300;1900;;;;;;;;
2011;femmes et hommes;LLA;Lettres, langues, arts;560;1520;23700;1300;1800;;;;;;;;
2017;femmes et hommes;LLA;Lettres, langues, arts;541;1600;25000;1330;1910;;;;;;;;
2016;femmes et hommes;DEG;Droit, économie et gestion;153;1900;29600;1690;2200;;;;;;;;
2012;femmes et hommes;DEG;Droit, économie et gestion;479;2000;31200;1600;2410;;;;;;;;
2018;femmes et hommes;DEG;Droit, économie et gestion;243;2280;35500;1870;2920;;;;;;;;
2012;femmes et hommes;LLA;Lettres, langues, arts;95;1570;24500;1400;1900;;;;;;;;
2012;femmes et hommes;DEG;Droit, économie et gestion;479;1850;28800;1470;2200;;;;;;;;
2014;femmes et hommes;LLA;Lettres, langues, arts;329;1700;26500;1390;1950;;;;;;;;
2013;femmes et hommes;LLA;Lettres, langues, arts;348;1770;27600;1410;1950;;;;;;;;
2014;femmes et hommes;LLA;Lettres, langues, arts;198;1500;23400;1250;1790;;;;;;;;
2017;femmes et hommes;LLA;Lettres, langues, arts;153;1350;21100;1220;1650;;;;;;;;
2012;femmes et hommes;LLA;Lettres, langues, arts;216;1650;25700;1310;1800;;;;;;;;
2013;femmes et hommes;LLA;Lettres, langues, arts;220;1600;25000;1280;1770;;;;;;;;
2016;femmes et hommes;LLA;Lettres, langues, arts;648;1660;25900;1400;2000;;;;;;;;
2012;femmes et hommes;LLA;Lettres, langues, arts;525;1400;21800;1200;1700;;;;;;;;
2017;femmes et hommes;LLA;Lettres, langues, arts;867;1920;30000;1570;2300;;;;;;;;
2017;femmes et hommes;LLA;Lettres, langues, arts;192;1540;24100;1340;1900;;;;;;;;
2013;femmes et hommes;LLA;Lettres, langues, arts;175;1730;27000;1410;2030;;;;;;;;
2016;femmes et hommes;LLA;Lettres, langues, arts;124;1800;28100;1480;2240;;;;;;;;
2012;femmes et hommes;LLA;Lettres, langues, arts;135;1630;25400;1320;1800;;;;;;;;
2014;femmes et hommes;LLA;Lettres, langues, arts;115;1570;24500;1250;1840;;;;;;;;
2014;femmes et hommes;LLA;Lettres, langues, arts;157;1430;22400;1230;1770;;;;;;;;
2012;femmes et hommes;LLA;Lettres, langues, arts;136;1700;26500;1290;1900;;;;;;;;
2016;femmes et hommes;LLA;Lettres, langues, arts;149;1510;23500;1300;1760;;;;;;;;
2013;femmes et hommes;LLA;Lettres, langues, arts;149;1570;24400;1320;1770;;;;;;;;
2014;femmes et hommes;SHS;Sciences humaines et sociales;5928;1690;26300;1430;2000;;;;;;;;
2016;femmes et hommes;SHS;Sciences humaines et sociales;5860;1630;25400;1400;1950;;;;;;;;
2012;femmes et hommes;SHS;Sciences humaines et sociales;5887;1690;26400;1420;2000;;;;;;;;
2012;femmes et hommes;SHS;Sciences humaines et sociales;5887;1600;25000;1370;1900;;;;;;;;
2012;femmes et hommes;LLA;Lettres, langues, arts;366;1600;25000;1250;1780;;;;;;;;
2013;femmes et hommes;LLA;Lettres, langues, arts;348;1710;26700;1390;1850;;;;;;;;
2015;femmes et hommes;LLA;Lettres, langues, arts;207;1400;21800;1200;1620;;;;;;;;
2017;femmes et hommes;LLA;Lettres, langues, arts;153;1480;23100;1300;1800;;;;;;;;
2012;femmes et hommes;LLA;Lettres, langues, arts;216;1550;24200;1270;1720;;;;;;;;
2016;femmes et hommes;LLA;Lettres, langues, arts;711;1800;28100;1500;2100;;;;;;;;
2018;femmes et hommes;LLA;Lettres, langues, arts;955;1850;28900;1570;2200;;;;;;;;
2012;femmes et hommes;LLA;Lettres, langues, arts;89;1730;26900;1310;1900;;;;;;;;
2014;femmes et hommes;LLA;Lettres, langues, arts;191;1500;23400;1300;2000;;;;;;;;
2018;femmes et hommes;LLA;Lettres, langues, arts;227;1550;24200;1350;1950;;;;;;;;
2017;femmes et hommes;LLA;Lettres, langues, arts;192;1730;27000;1440;2100;;;;;;;;
2014;femmes et hommes;LLA;Lettres, langues, arts;144;1810;28200;1530;2170;;;;;;;;
2014;femmes et hommes;LLA;Lettres, langues, arts;144;1700;26500;1300;1920;;;;;;;;
2011;femmes et hommes;LLA;Lettres, langues, arts;133;1740;27200;1500;2010;;;;;;;;
2018;femmes et hommes;LLA;Lettres, langues, arts;157;1700;26500;1400;2000;;;;;;;;
2014;femmes et hommes;LLA;Lettres, langues, arts;115;1500;23400;1300;1800;;;;;;;;
2012;femmes et hommes;LLA;Lettres, langues, arts;130;1600;25000;1300;1700;;;;;;;;
2013;femmes et hommes;LLA;Lettres, langues, arts;116;1500;23400;1320;1960;;;;;;;;
2016;femmes et hommes;LLA;Lettres, langues, arts;149;1490;23200;1280;1700;;;;;;;;
2015;femmes et hommes;LLA;Lettres, langues, arts;156;1500;23400;1350;1730;;;;;;;;
2018;femmes et hommes;LLA;Lettres, langues, arts;143;1700;26500;1350;2030;;;;;;;;
2015;femmes et hommes;SHS;Sciences humaines et sociales;5922;1720;26800;1490;2050;;;;;;;;
2013;femmes et hommes;SHS;Sciences humaines et sociales;5869;1590;24800;1380;1880;;;;;;;;
2016;femmes et hommes;SHS;Sciences humaines et sociales;1055;1600;25000;1350;1900;;;;;;;;
2017;femmes et hommes;SHS;Sciences humaines et sociales;1034;1630;25400;1400;2000;;;;;;;;
2012;femmes et hommes;SHS;Sciences humaines et sociales;562;1400;21800;1260;1750;;;;;;;;
2012;femmes et hommes;SHS;Sciences humaines et sociales;538;1600;25000;1300;1910;;;;;;;;
2013;femmes et hommes;SHS;Sciences humaines et sociales;1366;1650;25700;1450;1900;;;;;;;;
2017;femmes et hommes;SHS;Sciences humaines et sociales;1499;1700;26500;1450;2010;;;;;;;;
2018;femmes et hommes;SHS;Sciences humaines et sociales;1521;1800;28100;1500;2130;;;;;;;;
2014;femmes et hommes;SHS;Sciences humaines et sociales;1944;1650;25700;1400;2000;;;;;;;;
2015;femmes et hommes;SHS;Sciences humaines et sociales;1913;1600;25000;1380;1900;;;;;;;;
2015;femmes et hommes;SHS;Sciences humaines et sociales;1913;1730;26900;1480;2020;;;;;;;;
2014;femmes et hommes;SHS;Sciences humaines et sociales;732;1620;25300;1400;1870;;;;;;;;
2014;femmes et hommes;SHS;Sciences humaines et sociales;401;1530;23800;1300;1840;;;;;;;;
2018;femmes et hommes;SHS;Sciences humaines et sociales;379;1700;26500;1500;2050;;;;;;;;
2016;femmes et hommes;SHS;Sciences humaines et sociales;358;1630;25500;1350;1950;;;;;;;;
2015;femmes et hommes;SHS;Sciences humaines et sociales;374;1600;25000;1350;1870;;;;;;;;
2015;femmes et hommes;SHS;Sciences humaines et sociales;374;1700;26500;1460;2000;;;;;;;;
2014;femmes et hommes;SHS;Sciences humaines et sociales;1067;1500;23400;1300;1840;;;;;;;;
2016;femmes et hommes;SHS;Sciences humaines et sociales;1055;1690;26400;1410;2060;;;;;;;;
2016;femmes et hommes;SHS;Sciences humaines et sociales;490;1450;22600;1280;1750;;;;;;;;
2017;femmes et hommes;SHS;Sciences humaines et sociales;578;1500;23400;1270;1750;;;;;;;;
2016;femmes et hommes;SHS;Sciences humaines et sociales;565;1680;26100;1400;1980;;;;;;;;
2015;femmes et hommes;SHS;Sciences humaines et sociales;574;1650;25700;1400;1920;;;;;;;;
2012;femmes et hommes;SHS;Sciences humaines et sociales;538;1700;26500;1430;2040;;;;;;;;
2017;femmes et hommes;SHS;Sciences humaines et sociales;1501;1780;27800;1590;2100;;;;;;;;
2013;femmes et hommes;SHS;Sciences humaines et sociales;1561;1670;26100;1400;2000;;;;;;;;
2016;femmes et hommes;SHS;Sciences humaines et sociales;1933;1650;25700;1400;1950;;;;;;;;
2017;femmes et hommes;SHS;Sciences humaines et sociales;2114;1700;26500;1450;2000;;;;;;;;
2016;femmes et hommes;SHS;Sciences humaines et sociales;144;1400;21800;1250;1650;;;;;;;;
2011;femmes et hommes;SHS;Sciences humaines et sociales;426;1600;25000;1350;1860;;;;;;;;
2012;femmes et hommes;SHS;Sciences humaines et sociales;367;1580;24700;1360;1950;;;;;;;;
2013;femmes et hommes;SHS;Sciences humaines et sociales;377;1650;25700;1400;1900;;;;;;;;
2012;femmes et hommes;SHS;Sciences humaines et sociales;326;1580;24700;1390;1920;;;;;;;;
2013;femmes et hommes;SHS;Sciences humaines et sociales;396;1520;23800;1350;1920;;;;;;;;
2011;femmes et hommes;STS;Sciences, technologies et santé;342;2160;33700;1900;2370;;;;;;;;
2013;femmes et hommes;STS;Sciences, technologies et santé;345;2000;31200;1750;2190;;;;;;;;
2013;femmes et hommes;STS;Sciences, technologies et santé;345;2050;32000;1830;2330;;;;;;;;
2018;femmes et hommes;STS;Sciences, technologies et santé;117;2250;35100;2020;2630;;;;;;;;
2016;femmes et hommes;STS;Sciences, technologies et santé;283;2010;31300;1800;2270;;;;;;;;
2017;femmes et hommes;STS;Sciences, technologies et santé;208;2000;31200;1800;2240;;;;;;;;
2013;femmes et hommes;STS;Sciences, technologies et santé;307;2100;32800;1830;2400;;;;;;;;
2017;femmes et hommes;STS;Sciences, technologies et santé;448;2220;34600;2000;2500;;;;;;;;
2011;femmes et hommes;STS;Sciences, technologies et santé;568;2100;32800;1850;2380;;;;;;;;
2015;femmes et hommes;STS;Sciences, technologies et santé;536;2200;34300;1900;2480;;;;;;;;
2012;femmes et hommes;STS;Sciences, technologies et santé;603;2120;33000;1880;2440;;;;;;;;
2013;femmes et hommes;STS;Sciences, technologies et santé;534;2100;32800;1810;2380;;;;;;;;
2018;femmes et hommes;STS;Sciences, technologies et santé;1737;2190;34200;2000;2500;;;;;;;;
2015;femmes et hommes;STS;Sciences, technologies et santé;1527;2000;31300;1830;2300;;;;;;;;
2016;femmes et hommes;STS;Sciences, technologies et santé;1503;2250;35100;2000;2710;;;;;;;;
2012;femmes et hommes;STS;Sciences, technologies et santé;1399;2130;33200;1910;2480;;;;;;;;
2017;femmes et hommes;STS;Sciences, technologies et santé;1573;2330;36300;2080;2680;;;;;;;;
2013;femmes et hommes;STS;Sciences, technologies et santé;1419;2140;33400;1900;2500;;;;;;;;
2018;femmes et hommes;STS;Sciences, technologies et santé;1542;1850;28900;1520;2200;;;;;;;;
2016;femmes et hommes;STS;Sciences, technologies et santé;1312;1700;26500;1450;2030;;;;;;;;
2015;femmes et hommes;STS;Sciences, technologies et santé;84;1950;30400;1630;2400;;;;;;;;
2017;femmes et hommes;STS;Sciences, technologies et santé;309;2280;35500;2010;2580;;;;;;;;
2018;femmes et hommes;STS;Sciences, technologies et santé;185;1900;29600;1650;2250;;;;;;;;
2014;femmes et hommes;STS;Sciences, technologies et santé;320;1960;30500;1700;2230;;;;;;;;
2014;femmes et hommes;STS;Sciences, technologies et santé;320;2080;32500;1830;2360;;;;;;;;
2016;femmes et hommes;STS;Sciences, technologies et santé;146;1790;27900;1540;2020;;;;;;;;
2012;femmes et hommes;STS;Sciences, technologies et santé;293;1760;27400;1510;2100;;;;;;;;
2015;femmes et hommes;STS;Sciences, technologies et santé;320;1930;30200;1740;2200;;;;;;;;
2016;femmes et hommes;STS;Sciences, technologies et santé;283;2140;33300;1900;2420;;;;;;;;
2014;femmes et hommes;STS;Sciences, technologies et santé;138;2500;39000;2000;2900;;;;;;;;
2012;femmes et hommes;STS;Sciences, technologies et santé;125;2170;33800;1750;2650;;;;;;;;
2015;femmes et hommes;STS;Sciences, technologies et santé;137;2400;37400;2060;2820;;;;;;;;
2016;femmes et hommes;STS;Sciences, technologies et santé;97;2380;37200;2000;2760;;;;;;;;
2012;femmes et hommes;STS;Sciences, technologies et santé;499;2100;32800;1900;2380;;;;;;;;
2018;femmes et hommes;STS;Sciences, technologies et santé;398;2250;35000;2000;2550;;;;;;;;
2018;femmes et hommes;STS;Sciences, technologies et santé;777;1650;25700;1410;1930;;;;;;;;
2013;femmes et hommes;STS;Sciences, technologies et santé;456;2030;31600;1800;2300;;;;;;;;
2018;femmes et hommes;STS;Sciences, technologies et santé;389;2180;33900;1970;2450;;;;;;;;
2013;femmes et hommes;STS;Sciences, technologies et santé;577;1640;25600;1400;1950;;;;;;;;
2016;femmes et hommes;STS;Sciences, technologies et santé;536;2200;34300;1920;2480;;;;;;;;
2017;femmes et hommes;STS;Sciences, technologies et santé;411;2000;31200;1840;2350;;;;;;;;
2018;femmes et hommes;STS;Sciences, technologies et santé;1737;2350;36700;2100;2730;;;;;;;;
2011;femmes et hommes;STS;Sciences, technologies et santé;1312;2150;33500;1940;2500;;;;;;;;
2014;femmes et hommes;STS;Sciences, technologies et santé;235;1970;30700;1700;2300;;;;;;;;
2015;femmes et hommes;STS;Sciences, technologies et santé;1527;2200;34300;1950;2550;;;;;;;;
2017;femmes et hommes;STS;Sciences, technologies et santé;1573;2120;33100;1950;2400;;;;;;;;
2012;femmes et hommes;STS;Sciences, technologies et santé;255;1900;29600;1630;2170;;;;;;;;
2014;femmes et hommes;STS;Sciences, technologies et santé;1393;1730;27000;1480;2130;;;;;;;;
2017;femmes et hommes;STS;Sciences, technologies et santé;192;1750;27300;1540;2000;;;;;;;;
2015;femmes et hommes;STS;Sciences, technologies et santé;1552;1900;29600;1580;2300;;;;;;;;
2017;femmes et hommes;STS;Sciences, technologies et santé;1274;1800;28100;1500;2170;;;;;;;;
2018;femmes et hommes;STS;Sciences, technologies et santé;330;2180;34000;1940;2420;;;;;;;;
2012;femmes et hommes;STS;Sciences, technologies et santé;102;1830;28500;1600;2100;;;;;;;;
2012;femmes et hommes;STS;Sciences, technologies et santé;102;2000;31200;1620;2320;;;;;;;;
2014;femmes et hommes;STS;Sciences, technologies et santé;258;2000;31200;1680;2450;;;;;;;;
2016;femmes et hommes;STS;Sciences, technologies et santé;97;2190;34200;1800;2500;;;;;;;;
2014;femmes et hommes;STS;Sciences, technologies et santé;605;1540;24100;1300;1800;;;;;;;;
2015;femmes et hommes;STS;Sciences, technologies et santé;685;1500;23400;1300;1780;;;;;;;;
2012;femmes et hommes;STS;Sciences, technologies et santé;616;1500;23400;1300;1800;;;;;;;;
2017;femmes et hommes;STS;Sciences, technologies et santé;677;1600;25000;1400;1850;;;;;;;;
2014;femmes et hommes;STS;Sciences, technologies et santé;235;1820;28300;1610;2170;;;;;;;;
2013;femmes et hommes;STS;Sciences, technologies et santé;227;1750;27300;1520;2060;;;;;;;;
2018;femmes et hommes;STS;Sciences, technologies et santé;330;2300;35900;2000;2550;;;;;;;;
2014;femmes et hommes;MEEF;Masters enseignement;3588;1780;27800;1700;1900;;;;;;;;
2017;femmes et hommes;STS;Sciences, technologies et santé;141;2500;39000;2250;2680;;;;;;;;
2013;femmes et hommes;MEEF;Masters enseignement;4177;1700;26500;1630;1800;;;;;;;;
2016;femmes et hommes;MEEF;Masters enseignement;5681;1800;28100;1750;1960;;;;;;;;
2016;femmes et hommes;MEEF;Masters enseignement;5681;1790;27900;1700;1900;;;;;;;;
2017;femmes et hommes;MEEF;Masters enseignement;5927;1730;27100;1640;1880;;;;;;;;
2011;femmes et hommes;MEEF;Masters enseignement;2388;1800;28100;1560;1720;;;;;;;;
2011;femmes et hommes;MEEF;Masters enseignement;3694;1660;25800;1700;1950;;;;;;;;
2018;femmes et hommes;SHS;Sciences humaines et sociales;1571;1800;28100;1600;2120;;;;;;;;
2014;femmes et hommes;SHS;Sciences humaines et sociales;1944;1570;24500;1300;1840;;;;;;;;
2011;femmes et hommes;SHS;Sciences humaines et sociales;786;1800;28100;1540;2100;;;;;;;;
2017;femmes et hommes;SHS;Sciences humaines et sociales;204;1700;26500;1500;2020;;;;;;;;
2018;femmes et hommes;SHS;Sciences humaines et sociales;217;1800;28100;1480;2200;;;;;;;;
2018;femmes et hommes;STS;Sciences, technologies et santé;9032;2040;31900;1750;2380;;;;;;;;
2016;femmes et hommes;STS;Sciences, technologies et santé;2690;1730;27000;1500;2070;;;;;;;;
2015;femmes et hommes;STS;Sciences, technologies et santé;2590;1700;26500;1450;2000;;;;;;;;
2014;femmes et hommes;STS;Sciences, technologies et santé;1654;1800;28100;1530;2180;;;;;;;;
2015;femmes et hommes;STS;Sciences, technologies et santé;1585;1700;26500;1460;2000;;;;;;;;
2012;femmes et hommes;STS;Sciences, technologies et santé;1442;1800;28100;1520;2170;;;;;;;;
2013;femmes et hommes;STS;Sciences, technologies et santé;1485;1650;25700;1440;2000;;;;;;;;
2014;femmes et hommes;STS;Sciences, technologies et santé;864;1720;26800;1480;2070;;;;;;;;
2015;femmes et hommes;STS;Sciences, technologies et santé;850;1770;27600;1460;2100;;;;;;;;
2017;femmes et hommes;STS;Sciences, technologies et santé;738;1870;29200;1550;2200;;;;;;;;
2013;femmes et hommes;STS;Sciences, technologies et santé;816;1600;25000;1380;1930;;;;;;;;
2014;femmes et hommes;STS;Sciences, technologies et santé;163;1650;25700;1330;1970;;;;;;;;
2012;femmes et hommes;STS;Sciences, technologies et santé;134;1680;26200;1470;2010;;;;;;;;
2015;femmes et hommes;STS;Sciences, technologies et santé;155;1820;28400;1510;2190;;;;;;;;
2013;femmes et hommes;STS;Sciences, technologies et santé;128;1650;25800;1430;2000;;;;;;;;
2017;femmes et hommes;STS;Sciences, technologies et santé;639;1950;30400;1700;2260;;;;;;;;
2013;femmes et hommes;STS;Sciences, technologies et santé;575;1880;29300;1600;2320;;;;;;;;
2014;femmes et hommes;STS;Sciences, technologies et santé;200;2000;31200;1700;2230;;;;;;;;
2017;femmes et hommes;STS;Sciences, technologies et santé;153;2210;34400;1950;2500;;;;;;;;
2016;femmes et hommes;STS;Sciences, technologies et santé;186;2060;32100;1900;2500;;;;;;;;
2014;femmes et hommes;STS;Sciences, technologies et santé;264;2170;33800;1860;2740;;;;;;;;
2018;femmes et hommes;STS;Sciences, technologies et santé;361;2440;38000;2000;2900;;;;;;;;
2016;femmes et hommes;STS;Sciences, technologies et santé;243;2560;39900;2120;3060;;;;;;;;
2012;femmes et hommes;STS;Sciences, technologies et santé;295;2010;31400;1750;2460;;;;;;;;
2013;femmes et hommes;STS;Sciences, technologies et santé;266;2170;33800;1880;2650;;;;;;;;
2013;femmes et hommes;STS;Sciences, technologies et santé;266;2350;36700;2000;2950;;;;;;;;
2015;femmes et hommes;STS;Sciences, technologies et santé;1830;2000;31200;1800;2280;;;;;;;;
2015;femmes et hommes;STS;Sciences, technologies et santé;1830;2150;33500;1900;2480;;;;;;;;
2018;femmes et hommes;STS;Sciences, technologies et santé;1411;2240;35000;2000;2560;;;;;;;;
2015;femmes et hommes;STS;Sciences, technologies et santé;242;2030;31600;1830;2250;;;;;;;;
2016;femmes et hommes;STS;Sciences, technologies et santé;218;2240;34900;2000;2500;;;;;;;;
2015;femmes et hommes;STS;Sciences, technologies et santé;242;2170;33800;1940;2500;;;;;;;;
2014;femmes et hommes;STS;Sciences, technologies et santé;321;2100;32700;1830;2420;;;;;;;;
2016;femmes et hommes;STS;Sciences, technologies et santé;331;2000;31200;1800;2230;;;;;;;;
2015;femmes et hommes;STS;Sciences, technologies et santé;293;1980;30900;1760;2200;;;;;;;;
2015;femmes et hommes;SHS;Sciences humaines et sociales;1117;1600;25000;1350;1950;;;;;;;;
2011;femmes et hommes;SHS;Sciences humaines et sociales;606;1590;24900;1350;1800;;;;;;;;
2015;femmes et hommes;SHS;Sciences humaines et sociales;574;1770;27600;1490;2080;;;;;;;;
2015;femmes et hommes;SHS;Sciences humaines et sociales;1341;1700;26500;1530;2000;;;;;;;;
2017;femmes et hommes;DEG;Droit, économie et gestion;13165;2200;34300;1830;2620;;;;;;;;
2012;femmes et hommes;DEG;Droit, économie et gestion;11433;2000;31200;1630;2380;;;;;;;;
2014;femmes et hommes;DEG;Droit, économie et gestion;2753;1770;27600;1450;2130;;;;;;;;
2012;femmes et hommes;DEG;Droit, économie et gestion;2387;1900;29600;1580;2280;;;;;;;;
2018;femmes et hommes;DEG;Droit, économie et gestion;3409;2080;32400;1770;2500;;;;;;;;
2014;femmes et hommes;DEG;Droit, économie et gestion;349;1800;28100;1480;2200;;;;;;;;
2016;femmes et hommes;DEG;Droit, économie et gestion;466;1900;29600;1550;2230;;;;;;;;
2018;femmes et hommes;DEG;Droit, économie et gestion;447;2200;34300;1800;2550;;;;;;;;
2015;femmes et hommes;DEG;Droit, économie et gestion;1396;1930;30200;1600;2370;;;;;;;;
2015;femmes et hommes;DEG;Droit, économie et gestion;1396;2100;32800;1700;2580;;;;;;;;
2011;femmes et hommes;DEG;Droit, économie et gestion;1424;1990;31000;1650;2400;;;;;;;;
2017;femmes et hommes;DEG;Droit, économie et gestion;1575;2310;36000;1860;2810;;;;;;;;
2013;femmes et hommes;DEG;Droit, économie et gestion;1368;2000;31200;1600;2400;;;;;;;;
2014;femmes et hommes;DEG;Droit, économie et gestion;6931;1900;29600;1600;2260;;;;;;;;
2013;femmes et hommes;DEG;Droit, économie et gestion;6735;1900;29600;1580;2200;;;;;;;;
2016;femmes et hommes;DEG;Droit, économie et gestion;1362;2070;32200;1700;2500;;;;;;;;
2016;femmes et hommes;DEG;Droit, économie et gestion;1362;1870;29200;1510;2260;;;;;;;;
2017;femmes et hommes;DEG;Droit, économie et gestion;1384;2100;32800;1750;2500;;;;;;;;
2014;femmes et hommes;DEG;Droit, économie et gestion;576;1780;27800;1430;2060;;;;;;;;
2018;femmes et hommes;DEG;Droit, économie et gestion;194;1900;29600;1630;2200;;;;;;;;
2017;femmes et hommes;DEG;Droit, économie et gestion;309;2280;35500;1800;2710;;;;;;;;
2015;femmes et hommes;LLA;Lettres, langues, arts;2634;1630;25400;1380;2000;;;;;;;;
2017;femmes et hommes;LLA;Lettres, langues, arts;2520;1750;27300;1430;2110;;;;;;;;
2013;femmes et hommes;LLA;Lettres, langues, arts;2632;1600;25000;1300;1800;;;;;;;;
2014;femmes et hommes;LLA;Lettres, langues, arts;628;1500;23400;1200;1780;;;;;;;;
2015;femmes et hommes;LLA;Lettres, langues, arts;718;1500;23400;1300;1850;;;;;;;;
2015;femmes et hommes;LLA;Lettres, langues, arts;718;1380;21600;1200;1640;;;;;;;;
2018;femmes et hommes;SHS;Sciences humaines et sociales;637;1500;23400;1300;1750;;;;;;;;
2014;femmes et hommes;SHS;Sciences humaines et sociales;529;1430;22400;1200;1720;;;;;;;;
2018;femmes et hommes;SHS;Sciences humaines et sociales;481;1830;28500;1580;2150;;;;;;;;
2017;femmes et hommes;SHS;Sciences humaines et sociales;456;1800;28100;1520;2150;;;;;;;;
2014;femmes et hommes;SHS;Sciences humaines et sociales;1348;1630;25400;1450;1910;;;;;;;;
2014;femmes et hommes;SHS;Sciences humaines et sociales;1569;1800;28100;1500;2150;;;;;;;;
2012;femmes et hommes;SHS;Sciences humaines et sociales;1458;1780;27700;1470;2100;;;;;;;;
2014;femmes et hommes;STS;Sciences, technologies et santé;8561;2000;31200;1700;2380;;;;;;;;
2012;femmes et hommes;STS;Sciences, technologies et santé;8354;1900;29600;1600;2180;;;;;;;;
2017;femmes et hommes;STS;Sciences, technologies et santé;8575;2150;33500;1800;2500;;;;;;;;
2016;femmes et hommes;STS;Sciences, technologies et santé;8580;2070;32300;1790;2470;;;;;;;;
2013;femmes et hommes;STS;Sciences, technologies et santé;8295;2000;31200;1650;2360;;;;;;;;
2014;femmes et hommes;STS;Sciences, technologies et santé;2681;1780;27800;1500;2120;;;;;;;;
2014;femmes et hommes;STS;Sciences, technologies et santé;1654;1700;26500;1480;2000;;;;;;;;
2018;femmes et hommes;STS;Sciences, technologies et santé;2362;1900;29600;1600;2300;;;;;;;;
2017;femmes et hommes;STS;Sciences, technologies et santé;2115;2000;31200;1670;2400;;;;;;;;
2014;femmes et hommes;STS;Sciences, technologies et santé;864;1630;25400;1400;2000;;;;;;;;
2015;femmes et hommes;STS;Sciences, technologies et santé;850;1650;25700;1400;2000;;;;;;;;
2016;femmes et hommes;STS;Sciences, technologies et santé;1211;2000;31200;1730;2400;;;;;;;;
2017;femmes et hommes;STS;Sciences, technologies et santé;1241;2050;32000;1800;2370;;;;;;;;
2014;femmes et hommes;STS;Sciences, technologies et santé;544;1900;29600;1560;2180;;;;;;;;
2016;femmes et hommes;STS;Sciences, technologies et santé;576;1840;28700;1600;2100;;;;;;;;
2015;femmes et hommes;STS;Sciences, technologies et santé;582;1950;30400;1650;2210;;;;;;;;
2018;femmes et hommes;STS;Sciences, technologies et santé;224;2100;32800;1890;2370;;;;;;;;
2014;femmes et hommes;STS;Sciences, technologies et santé;200;2030;31700;1700;2330;;;;;;;;
2013;femmes et hommes;STS;Sciences, technologies et santé;274;2000;31200;1700;2280;;;;;;;;
2015;femmes et hommes;STS;Sciences, technologies et santé;240;2290;35800;1900;2720;;;;;;;;
2015;femmes et hommes;STS;Sciences, technologies et santé;240;2430;37800;2000;3000;;;;;;;;
2016;femmes et hommes;STS;Sciences, technologies et santé;243;2780;43400;2200;3350;;;;;;;;
2012;femmes et hommes;STS;Sciences, technologies et santé;295;2100;32800;1850;2530;;;;;;;;
2017;femmes et hommes;STS;Sciences, technologies et santé;223;2500;39000;2120;2950;;;;;;;;
2018;femmes et hommes;STS;Sciences, technologies et santé;1411;2130;33200;1950;2400;;;;;;;;
2016;femmes et hommes;STS;Sciences, technologies et santé;1864;2180;34000;1950;2500;;;;;;;;
2017;femmes et hommes;STS;Sciences, technologies et santé;1581;2220;34600;2000;2500;;;;;;;;
2017;femmes et hommes;STS;Sciences, technologies et santé;1581;2050;32000;1870;2330;;;;;;;;
2014;femmes et hommes;STS;Sciences, technologies et santé;241;2000;31200;1750;2250;;;;;;;;
2018;femmes et hommes;STS;Sciences, technologies et santé;187;2300;35900;2090;2630;;;;;;;;
2016;femmes et hommes;STS;Sciences, technologies et santé;218;2030;31700;1850;2340;;;;;;;;
2012;femmes et hommes;STS;Sciences, technologies et santé;233;2150;33500;1950;2500;;;;;;;;
2017;femmes et hommes;STS;Sciences, technologies et santé;205;2270;35400;2080;2530;;;;;;;;
2013;femmes et hommes;STS;Sciences, technologies et santé;247;2000;31200;1800;2250;;;;;;;;
2016;femmes et hommes;DEG;Droit, économie et gestion;12839;2100;32800;1790;2550;;;;;;;;
2015;femmes et hommes;DEG;Droit, économie et gestion;12503;1900;29600;1580;2280;;;;;;;;
2015;femmes et hommes;DEG;Droit, économie et gestion;344;1810;28200;1500;2170;;;;;;;;
2017;femmes et hommes;DEG;Droit, économie et gestion;527;2150;33500;1800;2500;;;;;;;;
2013;femmes et hommes;DEG;Droit, économie et gestion;307;1820;28400;1500;2280;;;;;;;;
2018;femmes et hommes;DEG;Droit, économie et gestion;1810;2120;33000;1750;2560;;;;;;;;
2016;femmes et hommes;DEG;Droit, économie et gestion;1425;2170;33800;1800;2670;;;;;;;;
2017;femmes et hommes;DEG;Droit, économie et gestion;1575;2150;33500;1730;2530;;;;;;;;
2012;femmes et hommes;DEG;Droit, économie et gestion;1364;1810;28200;1500;2250;;;;;;;;
2018;femmes et hommes;DEG;Droit, économie et gestion;1810;2280;35600;1850;2800;;;;;;;;
2014;femmes et hommes;DEG;Droit, économie et gestion;6931;2060;32100;1730;2480;;;;;;;;
2015;femmes et hommes;DEG;Droit, économie et gestion;6917;1950;30400;1600;2290;;;;;;;;
2011;femmes et hommes;DEG;Droit, économie et gestion;6108;2080;32500;1720;2480;;;;;;;;
2013;femmes et hommes;DEG;Droit, économie et gestion;6735;2040;31900;1700;2430;;;;;;;;
2015;femmes et hommes;DEG;Droit, économie et gestion;1420;1880;29400;1570;2300;;;;;;;;
2018;femmes et hommes;DEG;Droit, économie et gestion;905;2130;33200;1800;2550;;;;;;;;
2017;femmes et hommes;DEG;Droit, économie et gestion;1384;1950;30400;1600;2300;;;;;;;;
2012;femmes et hommes;DEG;Droit, économie et gestion;575;1700;26500;1420;2000;;;;;;;;
2017;femmes et hommes;DEG;Droit, économie et gestion;142;2200;34300;1870;2560;;;;;;;;
2016;femmes et hommes;DEG;Droit, économie et gestion;394;2260;35300;1780;2800;;;;;;;;
2015;femmes et hommes;DEG;Droit, économie et gestion;435;2290;35800;1830;2730;;;;;;;;
2013;femmes et hommes;LLA;Lettres, langues, arts;2632;1680;26200;1400;1970;;;;;;;;
2016;femmes et hommes;LLA;Lettres, langues, arts;648;1500;23400;1200;1770;;;;;;;;
2012;femmes et hommes;LLA;Lettres, langues, arts;525;1500;23400;1250;1800;;;;;;;;
2017;femmes et hommes;LLA;Lettres, langues, arts;541;1500;23400;1250;1800;;;;;;;;
2018;femmes et hommes;LLA;Lettres, langues, arts;388;1680;26200;1400;2080;;;;;;;;
2016;femmes et hommes;LLA;Lettres, langues, arts;322;1580;24700;1300;1870;;;;;;;;
2011;femmes et hommes;LLA;Lettres, langues, arts;419;1750;27300;1500;1950;;;;;;;;
2018;femmes et hommes;LLA;Lettres, langues, arts;388;1800;28100;1500;2170;;;;;;;;
2018;femmes et hommes;LLA;Lettres, langues, arts;119;1600;24900;1290;1810;;;;;;;;
2014;femmes et hommes;LLA;Lettres, langues, arts;717;1730;27000;1480;2080;;;;;;;;
2016;femmes et hommes;LLA;Lettres, langues, arts;711;1600;25000;1400;1950;;;;;;;;
2012;femmes et hommes;LLA;Lettres, langues, arts;608;1700;26500;1450;2080;;;;;;;;
2013;femmes et hommes;LLA;Lettres, langues, arts;675;1710;26600;1470;2070;;;;;;;;
2014;femmes et hommes;LLA;Lettres, langues, arts;191;1500;23400;1310;2000;;;;;;;;
2016;femmes et hommes;LLA;Lettres, langues, arts;220;1500;23400;1250;2000;;;;;;;;
2015;femmes et hommes;LLA;Lettres, langues, arts;202;1500;23400;1300;1800;;;;;;;;
2012;femmes et hommes;LLA;Lettres, langues, arts;235;1500;23400;1200;1800;;;;;;;;
2013;femmes et hommes;LLA;Lettres, langues, arts;175;1650;25700;1250;1910;;;;;;;;
2016;femmes et hommes;LLA;Lettres, langues, arts;124;1660;25900;1300;2000;;;;;;;;
2017;femmes et hommes;LLA;Lettres, langues, arts;128;1690;26300;1400;2060;;;;;;;;
2012;femmes et hommes;LLA;Lettres, langues, arts;135;1700;26500;1400;1900;;;;;;;;
2017;femmes et hommes;LLA;Lettres, langues, arts;128;1900;29600;1500;2290;;;;;;;;
2017;femmes et hommes;LLA;Lettres, langues, arts;134;1750;27300;1300;2250;;;;;;;;
2016;femmes et hommes;LLA;Lettres, langues, arts;113;1650;25700;1350;2000;;;;;;;;
2018;femmes et hommes;LLA;Lettres, langues, arts;157;1850;28900;1500;2350;;;;;;;;
2018;femmes et hommes;LLA;Lettres, langues, arts;143;1550;24200;1350;1880;;;;;;;;
2015;femmes et hommes;LLA;Lettres, langues, arts;156;1400;21800;1200;1620;;;;;;;;
2013;femmes et hommes;LLA;Lettres, langues, arts;149;1440;22500;1190;1700;;;;;;;;
2011;femmes et hommes;SHS;Sciences humaines et sociales;6215;1700;26500;1450;2000;;;;;;;;
2014;femmes et hommes;SHS;Sciences humaines et sociales;1067;1600;25000;1350;1900;;;;;;;;
2018;femmes et hommes;SHS;Sciences humaines et sociales;1118;1670;26100;1400;2000;;;;;;;;
2015;femmes et hommes;SHS;Sciences humaines et sociales;1117;1550;24200;1300;1810;;;;;;;;
2017;femmes et hommes;SHS;Sciences humaines et sociales;1034;1750;27300;1480;2150;;;;;;;;
2016;femmes et hommes;SHS;Sciences humaines et sociales;490;1500;23400;1310;1900;;;;;;;;
2015;femmes et hommes;SHS;Sciences humaines et sociales;543;1470;22900;1290;1700;;;;;;;;
2018;femmes et hommes;SHS;Sciences humaines et sociales;637;1600;25000;1350;1920;;;;;;;;
2013;femmes et hommes;SHS;Sciences humaines et sociales;480;1460;22700;1250;1730;;;;;;;;
2014;femmes et hommes;SHS;Sciences humaines et sociales;538;1700;26500;1410;2000;;;;;;;;
2016;femmes et hommes;SHS;Sciences humaines et sociales;565;1790;27900;1530;2170;;;;;;;;
2011;femmes et hommes;SHS;Sciences humaines et sociales;558;1730;27000;1500;2070;;;;;;;;
2018;femmes et hommes;SHS;Sciences humaines et sociales;481;1930;30100;1620;2310;;;;;;;;
2014;femmes et hommes;SHS;Sciences humaines et sociales;1348;1550;24200;1400;1800;;;;;;;;
2016;femmes et hommes;SHS;Sciences humaines et sociales;1486;1600;25000;1450;1870;;;;;;;;
2015;femmes et hommes;SHS;Sciences humaines et sociales;1341;1600;25000;1440;1830;;;;;;;;
2011;femmes et hommes;SHS;Sciences humaines et sociales;1580;1630;25400;1470;1850;;;;;;;;
2012;femmes et hommes;SHS;Sciences humaines et sociales;1425;1530;23900;1400;1800;;;;;;;;
2018;femmes et hommes;SHS;Sciences humaines et sociales;1521;1700;26500;1440;2000;;;;;;;;
2015;femmes et hommes;SHS;Sciences humaines et sociales;1551;1670;26000;1400;2000;;;;;;;;
2016;femmes et hommes;SHS;Sciences humaines et sociales;1386;1850;28900;1500;2170;;;;;;;;
2016;femmes et hommes;SHS;Sciences humaines et sociales;1933;1800;28100;1500;2130;;;;;;;;
2017;femmes et hommes;SHS;Sciences humaines et sociales;2114;1800;28100;1520;2150;;;;;;;;
2016;femmes et hommes;SHS;Sciences humaines et sociales;842;1700;26500;1480;1980;;;;;;;;
2015;femmes et hommes;SHS;Sciences humaines et sociales;741;1700;26500;1450;1960;;;;;;;;
2012;femmes et hommes;SHS;Sciences humaines et sociales;782;1750;27300;1480;2020;;;;;;;;
2016;femmes et hommes;SHS;Sciences humaines et sociales;842;1880;29300;1620;2200;;;;;;;;
2018;femmes et hommes;SHS;Sciences humaines et sociales;1294;1950;30400;1640;2270;;;;;;;;
2013;femmes et hommes;SHS;Sciences humaines et sociales;771;1600;25000;1360;1860;;;;;;;;
2013;femmes et hommes;SHS;Sciences humaines et sociales;771;1700;26500;1420;2000;;;;;;;;
2015;femmes et hommes;SHS;Sciences humaines et sociales;115;1430;22300;1300;1590;;;;;;;;
2011;femmes et hommes;SHS;Sciences humaines et sociales;144;1500;23400;1270;1680;;;;;;;;
2014;femmes et hommes;SHS;Sciences humaines et sociales;238;1530;23900;1290;1800;;;;;;;;
2015;femmes et hommes;SHS;Sciences humaines et sociales;221;1630;25400;1380;1870;;;;;;;;
2011;femmes et hommes;SHS;Sciences humaines et sociales;256;1600;25000;1300;1840;;;;;;;;
2013;femmes et hommes;SHS;Sciences humaines et sociales;189;1700;26500;1430;2000;;;;;;;;
2013;femmes et hommes;SHS;Sciences humaines et sociales;189;1600;25000;1360;1840;;;;;;;;
2012;femmes et hommes;SHS;Sciences humaines et sociales;367;1610;25100;1400;2000;;;;;;;;
2014;femmes et hommes;SHS;Sciences humaines et sociales;384;1500;23400;1300;1700;;;;;;;;
2018;femmes et hommes;SHS;Sciences humaines et sociales;444;1730;26900;1420;2000;;;;;;;;
2017;femmes et hommes;SHS;Sciences humaines et sociales;417;1750;27300;1460;2110;;;;;;;;
2012;femmes et hommes;STS;Sciences, technologies et santé;324;2080;32400;1840;2330;;;;;;;;
2015;femmes et hommes;STS;Sciences, technologies et santé;293;2120;33000;1840;2400;;;;;;;;
2017;femmes et hommes;STS;Sciences, technologies et santé;309;2070;32300;1860;2380;;;;;;;;
2012;femmes et hommes;STS;Sciences, technologies et santé;271;1900;29600;1700;2160;;;;;;;;
2011;femmes et hommes;STS;Sciences, technologies et santé;481;2130;33200;1900;2400;;;;;;;;
2018;femmes et hommes;STS;Sciences, technologies et santé;389;2100;32800;1860;2320;;;;;;;;
2016;femmes et hommes;STS;Sciences, technologies et santé;536;2000;31300;1800;2210;;;;;;;;
2015;femmes et hommes;STS;Sciences, technologies et santé;536;2000;31200;1800;2300;;;;;;;;
2014;femmes et hommes;STS;Sciences, technologies et santé;1437;2150;33500;1910;2500;;;;;;;;
2013;femmes et hommes;STS;Sciences, technologies et santé;1419;2000;31300;1830;2300;;;;;;;;
2017;femmes et hommes;STS;Sciences, technologies et santé;1274;1950;30400;1600;2380;;;;;;;;
2018;femmes et hommes;STS;Sciences, technologies et santé;1542;1900;29600;1600;2330;;;;;;;;
2012;femmes et hommes;STS;Sciences, technologies et santé;293;1900;29600;1650;2300;;;;;;;;
2017;femmes et hommes;STS;Sciences, technologies et santé;131;1850;28900;1600;2100;;;;;;;;
2013;femmes et hommes;STS;Sciences, technologies et santé;273;1800;28100;1530;2100;;;;;;;;
2013;femmes et hommes;STS;Sciences, technologies et santé;135;2500;39000;1740;3200;;;;;;;;
2016;femmes et hommes;STS;Sciences, technologies et santé;697;1700;26500;1420;2000;;;;;;;;
2016;femmes et hommes;STS;Sciences, technologies et santé;211;1750;27300;1540;2100;;;;;;;;
2017;femmes et hommes;STS;Sciences, technologies et santé;192;1950;30400;1670;2240;;;;;;;;
2011;femmes et hommes;MEEF;Masters enseignement;6082;1700;26500;1600;1800;;;;;;;;
2013;femmes et hommes;MEEF;Masters enseignement;4177;1730;26900;1650;1850;;;;;;;;
2018;femmes et hommes;SHS;Sciences humaines et sociales;379;1660;26000;1450;2000;;;;;;;;
2016;femmes et hommes;SHS;Sciences humaines et sociales;345;1600;25000;1350;1920;;;;;;;;
2017;femmes et hommes;SHS;Sciences humaines et sociales;292;1700;26500;1490;2020;;;;;;;;
2016;femmes et hommes;SHS;Sciences humaines et sociales;358;1800;28100;1450;2100;;;;;;;;
2011;femmes et hommes;SHS;Sciences humaines et sociales;352;1680;26100;1420;1970;;;;;;;;
2014;femmes et hommes;STS;Sciences, technologies et santé;8561;1900;29600;1600;2200;;;;;;;;
2015;femmes et hommes;STS;Sciences, technologies et santé;8660;2000;31200;1710;2400;;;;;;;;
2014;femmes et hommes;STS;Sciences, technologies et santé;2681;1680;26200;1440;2000;;;;;;;;
2016;femmes et hommes;STS;Sciences, technologies et santé;1875;1770;27600;1500;2150;;;;;;;;
2011;femmes et hommes;STS;Sciences, technologies et santé;1474;1770;27600;1500;2170;;;;;;;;
2018;femmes et hommes;STS;Sciences, technologies et santé;2362;2000;31200;1680;2430;;;;;;;;
2017;femmes et hommes;STS;Sciences, technologies et santé;2115;1800;28100;1570;2200;;;;;;;;
2016;femmes et hommes;STS;Sciences, technologies et santé;757;1690;26400;1420;1930;;;;;;;;
2011;femmes et hommes;STS;Sciences, technologies et santé;757;1770;27600;1510;2100;;;;;;;;
2014;femmes et hommes;STS;Sciences, technologies et santé;163;1700;26500;1330;2000;;;;;;;;
2015;femmes et hommes;STS;Sciences, technologies et santé;155;1700;26500;1400;2170;;;;;;;;
2012;femmes et hommes;STS;Sciences, technologies et santé;134;1600;25000;1300;1930;;;;;;;;
2013;femmes et hommes;STS;Sciences, technologies et santé;128;1770;27600;1500;2030;;;;;;;;
2014;femmes et hommes;STS;Sciences, technologies et santé;1127;2100;32800;1750;2430;;;;;;;;
2015;femmes et hommes;STS;Sciences, technologies et santé;1161;1980;30900;1670;2320;;;;;;;;
2018;femmes et hommes;STS;Sciences, technologies et santé;1321;2240;34900;1950;2690;;;;;;;;
2018;femmes et hommes;STS;Sciences, technologies et santé;643;2000;31200;1700;2240;;;;;;;;
2012;femmes et hommes;STS;Sciences, technologies et santé;620;1910;29800;1600;2250;;;;;;;;
2016;femmes et hommes;STS;Sciences, technologies et santé;186;2000;31200;1710;2170;;;;;;;;
2012;femmes et hommes;STS;Sciences, technologies et santé;263;2100;32800;1800;2400;;;;;;;;
2016;femmes et hommes;STS;Sciences, technologies et santé;81;2080;32400;1810;2330;;;;;;;;
2017;femmes et hommes;STS;Sciences, technologies et santé;150;2100;32800;1860;2320;;;;;;;;
2011;femmes et hommes;STS;Sciences, technologies et santé;382;2150;33500;1850;2520;;;;;;;;
2016;femmes et hommes;STS;Sciences, technologies et santé;125;2150;33500;1880;2510;;;;;;;;
2017;femmes et hommes;STS;Sciences, technologies et santé;76;2180;34000;1900;2320;;;;;;;;
2014;femmes et hommes;STS;Sciences, technologies et santé;1923;2000;31200;1750;2250;;;;;;;;
2016;femmes et hommes;STS;Sciences, technologies et santé;1864;2000;31300;1800;2280;;;;;;;;
2014;femmes et hommes;STS;Sciences, technologies et santé;241;2140;33400;1880;2500;;;;;;;;
2018;femmes et hommes;STS;Sciences, technologies et santé;320;2250;35100;2000;2570;;;;;;;;
2014;femmes et hommes;STS;Sciences, technologies et santé;321;1960;30500;1750;2210;;;;;;;;
